what,kind,bundleId,bundleVersion,description,time
deactivated,workbench,org.eclipse.ui.workbench,3.6.1.M20100826-1330,"",1504413857298
activated,workbench,org.eclipse.ui.workbench,3.6.1.M20100826-1330,"",1504413858534
executed,command,org.eclipse.ltk.ui.refactoring,3.5.0.v20100526-0800,"org.eclipse.ltk.ui.refactoring.commands.deleteResources",1504413858541
opened,editor,org.eclipse.jdt.ui,3.6.1.r361_v20100825-0800,"org.eclipse.jdt.ui.CompilationUnitEditor",1504413877650
activated,editor,org.eclipse.jdt.ui,3.6.1.r361_v20100825-0800,"org.eclipse.jdt.ui.CompilationUnitEditor",1504413877693
activated,view,org.eclipse.ui.ide,3.6.1.M20100825-0800,"org.eclipse.ui.views.ResourceNavigator",1504413881191
started,bundle,org.eclipse.jdt.junit.core,3.6.1.r361_v20100825-0800,"org.eclipse.jdt.junit.core",1504413904342
deactivated,workbench,org.eclipse.ui.workbench,3.6.1.M20100826-1330,"",1504413905233
activated,workbench,org.eclipse.ui.workbench,3.6.1.M20100826-1330,"",1504413906463
executed,command,org.eclipse.ltk.ui.refactoring,3.5.0.v20100526-0800,"org.eclipse.ltk.ui.refactoring.commands.deleteResources",1504413906472
opened,editor,com.spket.xml,1.6.15,"com.spket.xml.editor.xmlEditor",1504413948236
activated,editor,com.spket.xml,1.6.15,"com.spket.xml.editor.xmlEditor",1504413948266
deactivated,workbench,org.eclipse.ui.workbench,3.6.1.M20100826-1330,"",1504413965510
activated,workbench,org.eclipse.ui.workbench,3.6.1.M20100826-1330,"",1504413968260
opened,editor,org.eclipse.jdt.ui,3.6.1.r361_v20100825-0800,"org.eclipse.jdt.ui.CompilationUnitEditor",1504413968365
activated,editor,org.eclipse.jdt.ui,3.6.1.r361_v20100825-0800,"org.eclipse.jdt.ui.CompilationUnitEditor",1504413968414
executed,command,org.eclipse.ui.ide,3.6.1.M20100825-0800,"org.eclipse.ui.navigate.openResource",1504413968439
activated,view,org.eclipse.ui.ide,3.6.1.M20100825-0800,"org.eclipse.ui.views.ResourceNavigator",1504413980451
activated,editor,org.eclipse.jdt.ui,3.6.1.r361_v20100825-0800,"org.eclipse.jdt.ui.CompilationUnitEditor",1504413992599
activated,editor,com.spket.xml,1.6.15,"com.spket.xml.editor.xmlEditor",1504413992776
closed,editor,org.eclipse.jdt.ui,3.6.1.r361_v20100825-0800,"org.eclipse.jdt.ui.CompilationUnitEditor",1504413992817
activated,view,org.eclipse.ui.ide,3.6.1.M20100825-0800,"org.eclipse.ui.views.ResourceNavigator",1504413995344
deactivated,workbench,org.eclipse.ui.workbench,3.6.1.M20100826-1330,"",1504414000139
closed,editor,com.spket.xml,1.6.15,"com.spket.xml.editor.xmlEditor",1504414001866
activated,workbench,org.eclipse.ui.workbench,3.6.1.M20100826-1330,"",1504414001896
executed,command,org.eclipse.ltk.ui.refactoring,3.5.0.v20100526-0800,"org.eclipse.ltk.ui.refactoring.commands.deleteResources",1504414001918
deactivated,workbench,org.eclipse.ui.workbench,3.6.1.M20100826-1330,"",1504414009866
activated,workbench,org.eclipse.ui.workbench,3.6.1.M20100826-1330,"",1504414011297
executed,command,org.eclipse.ltk.ui.refactoring,3.5.0.v20100526-0800,"org.eclipse.ltk.ui.refactoring.commands.deleteResources",1504414011306
deactivated,workbench,org.eclipse.ui.workbench,3.6.1.M20100826-1330,"",1504414011982
activated,workbench,org.eclipse.ui.workbench,3.6.1.M20100826-1330,"",1504414013309
opened,editor,org.eclipse.jdt.ui,3.6.1.r361_v20100825-0800,"org.eclipse.jdt.ui.CompilationUnitEditor",1504414027915
activated,editor,org.eclipse.jdt.ui,3.6.1.r361_v20100825-0800,"org.eclipse.jdt.ui.CompilationUnitEditor",1504414027938
started,bundle,org.eclipse.jdt.junit,3.6.1.r361_v20100825-0800,"org.eclipse.jdt.junit",1504414027975
activated,view,org.eclipse.ui.ide,3.6.1.M20100825-0800,"org.eclipse.ui.views.ResourceNavigator",1504414028963
opened,editor,org.eclipse.jdt.ui,3.6.1.r361_v20100825-0800,"org.eclipse.jdt.ui.CompilationUnitEditor",1504414029263
activated,editor,org.eclipse.jdt.ui,3.6.1.r361_v20100825-0800,"org.eclipse.jdt.ui.CompilationUnitEditor",1504414029287
activated,view,org.eclipse.ui.ide,3.6.1.M20100825-0800,"org.eclipse.ui.views.ResourceNavigator",1504414030932
deactivated,workbench,org.eclipse.ui.workbench,3.6.1.M20100826-1330,"",1504414033751
activated,workbench,org.eclipse.ui.workbench,3.6.1.M20100826-1330,"",1504414037593
executed,command,org.eclipse.ltk.ui.refactoring,3.5.0.v20100526-0800,"org.eclipse.ltk.ui.refactoring.commands.deleteResources",1504414037602
closed,editor,org.eclipse.jdt.ui,3.6.1.r361_v20100825-0800,"org.eclipse.jdt.ui.CompilationUnitEditor",1504414037603
closed,editor,org.eclipse.jdt.ui,3.6.1.r361_v20100825-0800,"org.eclipse.jdt.ui.CompilationUnitEditor",1504414037714
deactivated,workbench,org.eclipse.ui.workbench,3.6.1.M20100826-1330,"",1504414038003
activated,workbench,org.eclipse.ui.workbench,3.6.1.M20100826-1330,"",1504414040184
opened,editor,org.eclipse.jdt.ui,3.6.1.r361_v20100825-0800,"org.eclipse.jdt.ui.CompilationUnitEditor",1504414064667
activated,editor,org.eclipse.jdt.ui,3.6.1.r361_v20100825-0800,"org.eclipse.jdt.ui.CompilationUnitEditor",1504414064693
activated,view,org.eclipse.ui.ide,3.6.1.M20100825-0800,"org.eclipse.ui.views.ResourceNavigator",1504414066938
deactivated,workbench,org.eclipse.ui.workbench,3.6.1.M20100826-1330,"",1504414095237
activated,workbench,org.eclipse.ui.workbench,3.6.1.M20100826-1330,"",1504414096706
executed,command,org.eclipse.ltk.ui.refactoring,3.5.0.v20100526-0800,"org.eclipse.ltk.ui.refactoring.commands.deleteResources",1504414096715
opened,editor,org.eclipse.jdt.ui,3.6.1.r361_v20100825-0800,"org.eclipse.jdt.ui.CompilationUnitEditor",1504414103683
activated,editor,org.eclipse.jdt.ui,3.6.1.r361_v20100825-0800,"org.eclipse.jdt.ui.CompilationUnitEditor",1504414103711
activated,view,org.eclipse.ui.ide,3.6.1.M20100825-0800,"org.eclipse.ui.views.ResourceNavigator",1504414105069
deactivated,workbench,org.eclipse.ui.workbench,3.6.1.M20100826-1330,"",1504414107966
closed,editor,org.eclipse.jdt.ui,3.6.1.r361_v20100825-0800,"org.eclipse.jdt.ui.CompilationUnitEditor",1504414109159
activated,workbench,org.eclipse.ui.workbench,3.6.1.M20100826-1330,"",1504414109182
executed,command,org.eclipse.ltk.ui.refactoring,3.5.0.v20100526-0800,"org.eclipse.ltk.ui.refactoring.commands.deleteResources",1504414109193
closed,editor,org.eclipse.jdt.ui,3.6.1.r361_v20100825-0800,"org.eclipse.jdt.ui.CompilationUnitEditor",1504414109349
deactivated,workbench,org.eclipse.ui.workbench,3.6.1.M20100826-1330,"",1504414109797
activated,workbench,org.eclipse.ui.workbench,3.6.1.M20100826-1330,"",1504414111118
deactivated,workbench,org.eclipse.ui.workbench,3.6.1.M20100826-1330,"",1504414135181
activated,workbench,org.eclipse.ui.workbench,3.6.1.M20100826-1330,"",1504414137058
executed,command,org.eclipse.ltk.ui.refactoring,3.5.0.v20100526-0800,"org.eclipse.ltk.ui.refactoring.commands.deleteResources",1504414137067
opened,editor,org.eclipse.jdt.ui,3.6.1.r361_v20100825-0800,"org.eclipse.jdt.ui.CompilationUnitEditor",1504414154280
activated,editor,org.eclipse.jdt.ui,3.6.1.r361_v20100825-0800,"org.eclipse.jdt.ui.CompilationUnitEditor",1504414154301
activated,view,org.eclipse.ui.ide,3.6.1.M20100825-0800,"org.eclipse.ui.views.ResourceNavigator",1504414158117
opened,editor,org.eclipse.jdt.ui,3.6.1.r361_v20100825-0800,"org.eclipse.jdt.ui.CompilationUnitEditor",1504414160576
activated,editor,org.eclipse.jdt.ui,3.6.1.r361_v20100825-0800,"org.eclipse.jdt.ui.CompilationUnitEditor",1504414160598
activated,view,org.eclipse.ui.ide,3.6.1.M20100825-0800,"org.eclipse.ui.views.ResourceNavigator",1504414165818
opened,editor,org.eclipse.jdt.ui,3.6.1.r361_v20100825-0800,"org.eclipse.jdt.ui.CompilationUnitEditor",1504414165983
activated,editor,org.eclipse.jdt.ui,3.6.1.r361_v20100825-0800,"org.eclipse.jdt.ui.CompilationUnitEditor",1504414166005
activated,view,org.eclipse.ui.ide,3.6.1.M20100825-0800,"org.eclipse.ui.views.ResourceNavigator",1504414171104
opened,editor,org.eclipse.jdt.ui,3.6.1.r361_v20100825-0800,"org.eclipse.jdt.ui.CompilationUnitEditor",1504414171295
activated,editor,org.eclipse.jdt.ui,3.6.1.r361_v20100825-0800,"org.eclipse.jdt.ui.CompilationUnitEditor",1504414171316
activated,view,org.eclipse.ui.ide,3.6.1.M20100825-0800,"org.eclipse.ui.views.ResourceNavigator",1504414178556
opened,editor,com.spket.xml,1.6.15,"com.spket.xml.editor.xmlEditor",1504414182318
activated,editor,com.spket.xml,1.6.15,"com.spket.xml.editor.xmlEditor",1504414182345
activated,view,org.eclipse.ui.ide,3.6.1.M20100825-0800,"org.eclipse.ui.views.ResourceNavigator",1504414185862
deactivated,workbench,org.eclipse.ui.workbench,3.6.1.M20100826-1330,"",1504414188162
closed,editor,com.spket.xml,1.6.15,"com.spket.xml.editor.xmlEditor",1504414189611
activated,workbench,org.eclipse.ui.workbench,3.6.1.M20100826-1330,"",1504414189643
executed,command,org.eclipse.ltk.ui.refactoring,3.5.0.v20100526-0800,"org.eclipse.ltk.ui.refactoring.commands.deleteResources",1504414189665
deactivated,workbench,org.eclipse.ui.workbench,3.6.1.M20100826-1330,"",1504414196491
activated,workbench,org.eclipse.ui.workbench,3.6.1.M20100826-1330,"",1504414200936
executed,command,org.eclipse.ltk.ui.refactoring,3.5.0.v20100526-0800,"org.eclipse.ltk.ui.refactoring.commands.deleteResources",1504414200944
closed,editor,org.eclipse.jdt.ui,3.6.1.r361_v20100825-0800,"org.eclipse.jdt.ui.CompilationUnitEditor",1504414200950
closed,editor,org.eclipse.jdt.ui,3.6.1.r361_v20100825-0800,"org.eclipse.jdt.ui.CompilationUnitEditor",1504414200960
closed,editor,org.eclipse.jdt.ui,3.6.1.r361_v20100825-0800,"org.eclipse.jdt.ui.CompilationUnitEditor",1504414200975
closed,editor,org.eclipse.jdt.ui,3.6.1.r361_v20100825-0800,"org.eclipse.jdt.ui.CompilationUnitEditor",1504414201031
deactivated,workbench,org.eclipse.ui.workbench,3.6.1.M20100826-1330,"",1504414201680
activated,workbench,org.eclipse.ui.workbench,3.6.1.M20100826-1330,"",1504414203159
opened,editor,org.eclipse.jdt.ui,3.6.1.r361_v20100825-0800,"org.eclipse.jdt.ui.CompilationUnitEditor",1504414218931
activated,editor,org.eclipse.jdt.ui,3.6.1.r361_v20100825-0800,"org.eclipse.jdt.ui.CompilationUnitEditor",1504414218952
activated,view,org.eclipse.ui.ide,3.6.1.M20100825-0800,"org.eclipse.ui.views.ResourceNavigator",1504414221756
deactivated,workbench,org.eclipse.ui.workbench,3.6.1.M20100826-1330,"",1504414224118
closed,editor,org.eclipse.jdt.ui,3.6.1.r361_v20100825-0800,"org.eclipse.jdt.ui.CompilationUnitEditor",1504414225402
activated,workbench,org.eclipse.ui.workbench,3.6.1.M20100826-1330,"",1504414225432
executed,command,org.eclipse.ltk.ui.refactoring,3.5.0.v20100526-0800,"org.eclipse.ltk.ui.refactoring.commands.deleteResources",1504414225453
deactivated,workbench,org.eclipse.ui.workbench,3.6.1.M20100826-1330,"",1504414226064
activated,workbench,org.eclipse.ui.workbench,3.6.1.M20100826-1330,"",1504414227252
deactivated,workbench,org.eclipse.ui.workbench,3.6.1.M20100826-1330,"",1504414241203
activated,workbench,org.eclipse.ui.workbench,3.6.1.M20100826-1330,"",1504414243722
executed,command,org.eclipse.ltk.ui.refactoring,3.5.0.v20100526-0800,"org.eclipse.ltk.ui.refactoring.commands.deleteResources",1504414243732
opened,editor,org.eclipse.jdt.ui,3.6.1.r361_v20100825-0800,"org.eclipse.jdt.ui.CompilationUnitEditor",1504414252290
activated,editor,org.eclipse.jdt.ui,3.6.1.r361_v20100825-0800,"org.eclipse.jdt.ui.CompilationUnitEditor",1504414252331
activated,view,org.eclipse.ui.ide,3.6.1.M20100825-0800,"org.eclipse.ui.views.ResourceNavigator",1504414256146
opened,editor,org.eclipse.jdt.ui,3.6.1.r361_v20100825-0800,"org.eclipse.jdt.ui.CompilationUnitEditor",1504414262553
activated,editor,org.eclipse.jdt.ui,3.6.1.r361_v20100825-0800,"org.eclipse.jdt.ui.CompilationUnitEditor",1504414262574
activated,view,org.eclipse.ui.ide,3.6.1.M20100825-0800,"org.eclipse.ui.views.ResourceNavigator",1504414268721
opened,editor,org.eclipse.jdt.ui,3.6.1.r361_v20100825-0800,"org.eclipse.jdt.ui.CompilationUnitEditor",1504414273290
activated,editor,org.eclipse.jdt.ui,3.6.1.r361_v20100825-0800,"org.eclipse.jdt.ui.CompilationUnitEditor",1504414273334
activated,view,org.eclipse.ui.ide,3.6.1.M20100825-0800,"org.eclipse.ui.views.ResourceNavigator",1504414273939
opened,editor,org.eclipse.jdt.ui,3.6.1.r361_v20100825-0800,"org.eclipse.jdt.ui.CompilationUnitEditor",1504414274161
activated,editor,org.eclipse.jdt.ui,3.6.1.r361_v20100825-0800,"org.eclipse.jdt.ui.CompilationUnitEditor",1504414274188
activated,view,org.eclipse.ui.ide,3.6.1.M20100825-0800,"org.eclipse.ui.views.ResourceNavigator",1504414275609
opened,editor,org.eclipse.jdt.ui,3.6.1.r361_v20100825-0800,"org.eclipse.jdt.ui.CompilationUnitEditor",1504414275914
activated,editor,org.eclipse.jdt.ui,3.6.1.r361_v20100825-0800,"org.eclipse.jdt.ui.CompilationUnitEditor",1504414275940
activated,view,org.eclipse.ui.ide,3.6.1.M20100825-0800,"org.eclipse.ui.views.ResourceNavigator",1504414279925
opened,editor,org.eclipse.jdt.ui,3.6.1.r361_v20100825-0800,"org.eclipse.jdt.ui.CompilationUnitEditor",1504414285496
activated,editor,org.eclipse.jdt.ui,3.6.1.r361_v20100825-0800,"org.eclipse.jdt.ui.CompilationUnitEditor",1504414285518
activated,view,org.eclipse.ui.ide,3.6.1.M20100825-0800,"org.eclipse.ui.views.ResourceNavigator",1504414289721
opened,editor,org.eclipse.jdt.ui,3.6.1.r361_v20100825-0800,"org.eclipse.jdt.ui.CompilationUnitEditor",1504414289918
activated,editor,org.eclipse.jdt.ui,3.6.1.r361_v20100825-0800,"org.eclipse.jdt.ui.CompilationUnitEditor",1504414289940
activated,view,org.eclipse.ui.ide,3.6.1.M20100825-0800,"org.eclipse.ui.views.ResourceNavigator",1504414299026
opened,editor,org.eclipse.jdt.ui,3.6.1.r361_v20100825-0800,"org.eclipse.jdt.ui.CompilationUnitEditor",1504414299226
activated,editor,org.eclipse.jdt.ui,3.6.1.r361_v20100825-0800,"org.eclipse.jdt.ui.CompilationUnitEditor",1504414299257
activated,view,org.eclipse.ui.ide,3.6.1.M20100825-0800,"org.eclipse.ui.views.ResourceNavigator",1504414328051
opened,editor,org.eclipse.jdt.ui,3.6.1.r361_v20100825-0800,"org.eclipse.jdt.ui.CompilationUnitEditor",1504414328277
activated,editor,org.eclipse.jdt.ui,3.6.1.r361_v20100825-0800,"org.eclipse.jdt.ui.CompilationUnitEditor",1504414328298
activated,view,org.eclipse.ui.ide,3.6.1.M20100825-0800,"org.eclipse.ui.views.ResourceNavigator",1504414332400
opened,editor,org.eclipse.jdt.ui,3.6.1.r361_v20100825-0800,"org.eclipse.jdt.ui.CompilationUnitEditor",1504414335847
activated,editor,org.eclipse.jdt.ui,3.6.1.r361_v20100825-0800,"org.eclipse.jdt.ui.CompilationUnitEditor",1504414335868
activated,view,org.eclipse.ui.ide,3.6.1.M20100825-0800,"org.eclipse.ui.views.ResourceNavigator",1504414345539
opened,editor,org.eclipse.jdt.ui,3.6.1.r361_v20100825-0800,"org.eclipse.jdt.ui.CompilationUnitEditor",1504414345711
activated,editor,org.eclipse.jdt.ui,3.6.1.r361_v20100825-0800,"org.eclipse.jdt.ui.CompilationUnitEditor",1504414345733
activated,view,org.eclipse.ui.ide,3.6.1.M20100825-0800,"org.eclipse.ui.views.ResourceNavigator",1504414348354
opened,editor,org.eclipse.jdt.ui,3.6.1.r361_v20100825-0800,"org.eclipse.jdt.ui.CompilationUnitEditor",1504414348719
activated,editor,org.eclipse.jdt.ui,3.6.1.r361_v20100825-0800,"org.eclipse.jdt.ui.CompilationUnitEditor",1504414348741
activated,view,org.eclipse.ui.ide,3.6.1.M20100825-0800,"org.eclipse.ui.views.ResourceNavigator",1504414350862
opened,editor,org.eclipse.jdt.ui,3.6.1.r361_v20100825-0800,"org.eclipse.jdt.ui.CompilationUnitEditor",1504414351030
activated,editor,org.eclipse.jdt.ui,3.6.1.r361_v20100825-0800,"org.eclipse.jdt.ui.CompilationUnitEditor",1504414351052
activated,view,org.eclipse.ui.ide,3.6.1.M20100825-0800,"org.eclipse.ui.views.ResourceNavigator",1504414359024
opened,editor,org.eclipse.jdt.ui,3.6.1.r361_v20100825-0800,"org.eclipse.jdt.ui.CompilationUnitEditor",1504414362483
activated,editor,org.eclipse.jdt.ui,3.6.1.r361_v20100825-0800,"org.eclipse.jdt.ui.CompilationUnitEditor",1504414362505
activated,view,org.eclipse.ui.ide,3.6.1.M20100825-0800,"org.eclipse.ui.views.ResourceNavigator",1504414365143
opened,editor,org.eclipse.jdt.ui,3.6.1.r361_v20100825-0800,"org.eclipse.jdt.ui.CompilationUnitEditor",1504414367518
activated,editor,org.eclipse.jdt.ui,3.6.1.r361_v20100825-0800,"org.eclipse.jdt.ui.CompilationUnitEditor",1504414367540
activated,view,org.eclipse.ui.ide,3.6.1.M20100825-0800,"org.eclipse.ui.views.ResourceNavigator",1504414369942
opened,editor,org.eclipse.jdt.ui,3.6.1.r361_v20100825-0800,"org.eclipse.jdt.ui.CompilationUnitEditor",1504414376961
activated,editor,org.eclipse.jdt.ui,3.6.1.r361_v20100825-0800,"org.eclipse.jdt.ui.CompilationUnitEditor",1504414376995
activated,view,org.eclipse.ui.ide,3.6.1.M20100825-0800,"org.eclipse.ui.views.ResourceNavigator",1504414382434
opened,editor,org.eclipse.jdt.ui,3.6.1.r361_v20100825-0800,"org.eclipse.jdt.ui.CompilationUnitEditor",1504414382845
activated,editor,org.eclipse.jdt.ui,3.6.1.r361_v20100825-0800,"org.eclipse.jdt.ui.CompilationUnitEditor",1504414382878
activated,view,org.eclipse.ui.ide,3.6.1.M20100825-0800,"org.eclipse.ui.views.ResourceNavigator",1504414385861
opened,editor,org.eclipse.jdt.ui,3.6.1.r361_v20100825-0800,"org.eclipse.jdt.ui.CompilationUnitEditor",1504414386062
activated,editor,org.eclipse.jdt.ui,3.6.1.r361_v20100825-0800,"org.eclipse.jdt.ui.CompilationUnitEditor",1504414386098
activated,view,org.eclipse.ui.ide,3.6.1.M20100825-0800,"org.eclipse.ui.views.ResourceNavigator",1504414388689
opened,editor,org.eclipse.jdt.ui,3.6.1.r361_v20100825-0800,"org.eclipse.jdt.ui.CompilationUnitEditor",1504414391760
activated,editor,org.eclipse.jdt.ui,3.6.1.r361_v20100825-0800,"org.eclipse.jdt.ui.CompilationUnitEditor",1504414391785
activated,view,org.eclipse.ui.ide,3.6.1.M20100825-0800,"org.eclipse.ui.views.ResourceNavigator",1504414395403
opened,editor,org.eclipse.jdt.ui,3.6.1.r361_v20100825-0800,"org.eclipse.jdt.ui.CompilationUnitEditor",1504414398430
activated,editor,org.eclipse.jdt.ui,3.6.1.r361_v20100825-0800,"org.eclipse.jdt.ui.CompilationUnitEditor",1504414398453
activated,view,org.eclipse.ui.ide,3.6.1.M20100825-0800,"org.eclipse.ui.views.ResourceNavigator",1504414404462
opened,editor,org.eclipse.jdt.ui,3.6.1.r361_v20100825-0800,"org.eclipse.jdt.ui.CompilationUnitEditor",1504414408203
activated,editor,org.eclipse.jdt.ui,3.6.1.r361_v20100825-0800,"org.eclipse.jdt.ui.CompilationUnitEditor",1504414408227
activated,view,org.eclipse.ui.ide,3.6.1.M20100825-0800,"org.eclipse.ui.views.ResourceNavigator",1504414413407
opened,editor,org.eclipse.jdt.ui,3.6.1.r361_v20100825-0800,"org.eclipse.jdt.ui.CompilationUnitEditor",1504414418228
activated,editor,org.eclipse.jdt.ui,3.6.1.r361_v20100825-0800,"org.eclipse.jdt.ui.CompilationUnitEditor",1504414418254
activated,view,org.eclipse.ui.ide,3.6.1.M20100825-0800,"org.eclipse.ui.views.ResourceNavigator",1504414421014
opened,editor,org.eclipse.jdt.ui,3.6.1.r361_v20100825-0800,"org.eclipse.jdt.ui.CompilationUnitEditor",1504414421244
activated,editor,org.eclipse.jdt.ui,3.6.1.r361_v20100825-0800,"org.eclipse.jdt.ui.CompilationUnitEditor",1504414421275
activated,view,org.eclipse.ui.ide,3.6.1.M20100825-0800,"org.eclipse.ui.views.ResourceNavigator",1504414421924
opened,editor,org.eclipse.jdt.ui,3.6.1.r361_v20100825-0800,"org.eclipse.jdt.ui.CompilationUnitEditor",1504414422342
activated,editor,org.eclipse.jdt.ui,3.6.1.r361_v20100825-0800,"org.eclipse.jdt.ui.CompilationUnitEditor",1504414422370
activated,view,org.eclipse.ui.ide,3.6.1.M20100825-0800,"org.eclipse.ui.views.ResourceNavigator",1504414422732
opened,editor,org.eclipse.jdt.ui,3.6.1.r361_v20100825-0800,"org.eclipse.jdt.ui.CompilationUnitEditor",1504414422927
activated,editor,org.eclipse.jdt.ui,3.6.1.r361_v20100825-0800,"org.eclipse.jdt.ui.CompilationUnitEditor",1504414422955
activated,view,org.eclipse.ui.ide,3.6.1.M20100825-0800,"org.eclipse.ui.views.ResourceNavigator",1504414433819
opened,editor,org.eclipse.jdt.ui,3.6.1.r361_v20100825-0800,"org.eclipse.jdt.ui.CompilationUnitEditor",1504414465219
activated,editor,org.eclipse.jdt.ui,3.6.1.r361_v20100825-0800,"org.eclipse.jdt.ui.CompilationUnitEditor",1504414465246
activated,view,org.eclipse.ui.ide,3.6.1.M20100825-0800,"org.eclipse.ui.views.ResourceNavigator",1504414467931
opened,editor,org.eclipse.jdt.ui,3.6.1.r361_v20100825-0800,"org.eclipse.jdt.ui.CompilationUnitEditor",1504414474867
activated,editor,org.eclipse.jdt.ui,3.6.1.r361_v20100825-0800,"org.eclipse.jdt.ui.CompilationUnitEditor",1504414474889
activated,view,org.eclipse.ui.ide,3.6.1.M20100825-0800,"org.eclipse.ui.views.ResourceNavigator",1504414478874
opened,editor,org.eclipse.jdt.ui,3.6.1.r361_v20100825-0800,"org.eclipse.jdt.ui.CompilationUnitEditor",1504414481250
activated,editor,org.eclipse.jdt.ui,3.6.1.r361_v20100825-0800,"org.eclipse.jdt.ui.CompilationUnitEditor",1504414481280
activated,view,org.eclipse.ui.ide,3.6.1.M20100825-0800,"org.eclipse.ui.views.ResourceNavigator",1504414482763
opened,editor,org.eclipse.jdt.ui,3.6.1.r361_v20100825-0800,"org.eclipse.jdt.ui.CompilationUnitEditor",1504414485289
activated,editor,org.eclipse.jdt.ui,3.6.1.r361_v20100825-0800,"org.eclipse.jdt.ui.CompilationUnitEditor",1504414485318
activated,view,org.eclipse.ui.ide,3.6.1.M20100825-0800,"org.eclipse.ui.views.ResourceNavigator",1504414490581
deactivated,workbench,org.eclipse.ui.workbench,3.6.1.M20100826-1330,"",1504414493997
activated,workbench,org.eclipse.ui.workbench,3.6.1.M20100826-1330,"",1504414495556
executed,command,org.eclipse.ltk.ui.refactoring,3.5.0.v20100526-0800,"org.eclipse.ltk.ui.refactoring.commands.deleteResources",1504414495564
closed,editor,org.eclipse.jdt.ui,3.6.1.r361_v20100825-0800,"org.eclipse.jdt.ui.CompilationUnitEditor",1504414495568
closed,editor,org.eclipse.jdt.ui,3.6.1.r361_v20100825-0800,"org.eclipse.jdt.ui.CompilationUnitEditor",1504414495598
deactivated,workbench,org.eclipse.ui.workbench,3.6.1.M20100826-1330,"",1504414495950
activated,workbench,org.eclipse.ui.workbench,3.6.1.M20100826-1330,"",1504414497354
opened,editor,com.spket.xml,1.6.15,"com.spket.xml.editor.xmlEditor",1504414502699
activated,editor,com.spket.xml,1.6.15,"com.spket.xml.editor.xmlEditor",1504414502726
activated,view,org.eclipse.ui.ide,3.6.1.M20100825-0800,"org.eclipse.ui.views.ResourceNavigator",1504414508160
deactivated,workbench,org.eclipse.ui.workbench,3.6.1.M20100826-1330,"",1504414523590
closed,editor,com.spket.xml,1.6.15,"com.spket.xml.editor.xmlEditor",1504414527020
activated,workbench,org.eclipse.ui.workbench,3.6.1.M20100826-1330,"",1504414527045
executed,command,org.eclipse.ltk.ui.refactoring,3.5.0.v20100526-0800,"org.eclipse.ltk.ui.refactoring.commands.deleteResources",1504414527067
deactivated,workbench,org.eclipse.ui.workbench,3.6.1.M20100826-1330,"",1504414539712
activated,workbench,org.eclipse.ui.workbench,3.6.1.M20100826-1330,"",1504414541229
executed,command,org.eclipse.ltk.ui.refactoring,3.5.0.v20100526-0800,"org.eclipse.ltk.ui.refactoring.commands.deleteResources",1504414541239
deactivated,workbench,org.eclipse.ui.workbench,3.6.1.M20100826-1330,"",1504414541534
activated,workbench,org.eclipse.ui.workbench,3.6.1.M20100826-1330,"",1504414542878
deactivated,workbench,org.eclipse.ui.workbench,3.6.1.M20100826-1330,"",1504414555917
closed,editor,org.eclipse.jdt.ui,3.6.1.r361_v20100825-0800,"org.eclipse.jdt.ui.CompilationUnitEditor",1504414558419
activated,workbench,org.eclipse.ui.workbench,3.6.1.M20100826-1330,"",1504414558444
executed,command,org.eclipse.ltk.ui.refactoring,3.5.0.v20100526-0800,"org.eclipse.ltk.ui.refactoring.commands.deleteResources",1504414558456
deactivated,workbench,org.eclipse.ui.workbench,3.6.1.M20100826-1330,"",1504414572908
activated,workbench,org.eclipse.ui.workbench,3.6.1.M20100826-1330,"",1504414574157
executed,command,org.eclipse.ltk.ui.refactoring,3.5.0.v20100526-0800,"org.eclipse.ltk.ui.refactoring.commands.deleteResources",1504414574166
activated,editor,org.eclipse.jdt.ui,3.6.1.r361_v20100825-0800,"org.eclipse.jdt.ui.CompilationUnitEditor",1504414605721
activated,view,org.eclipse.ui.ide,3.6.1.M20100825-0800,"org.eclipse.ui.views.ResourceNavigator",1504414611520
deactivated,workbench,org.eclipse.ui.workbench,3.6.1.M20100826-1330,"",1504414616647
activated,workbench,org.eclipse.ui.workbench,3.6.1.M20100826-1330,"",1504414618071
executed,command,org.eclipse.ui.ide,3.6.1.M20100825-0800,"org.eclipse.ui.project.cleanAction",1504414618081
deactivated,workbench,org.eclipse.ui.workbench,3.6.1.M20100826-1330,"",1504414618350
activated,workbench,org.eclipse.ui.workbench,3.6.1.M20100826-1330,"",1504414623494
activated,editor,org.eclipse.jdt.ui,3.6.1.r361_v20100825-0800,"org.eclipse.jdt.ui.CompilationUnitEditor",1504414629301
activated,view,org.eclipse.ant.ui,3.5.0.v20100427,"org.eclipse.ant.ui.views.AntView",1504414632388
activated,view,org.eclipse.ui.console,3.5.0.v20100526,"org.eclipse.ui.console.ConsoleView",1504414634446
activated,view,org.eclipse.ant.ui,3.5.0.v20100427,"org.eclipse.ant.ui.views.AntView",1504414642447
activated,view,org.eclipse.ui.console,3.5.0.v20100526,"org.eclipse.ui.console.ConsoleView",1504414643589
activated,view,org.eclipse.ant.ui,3.5.0.v20100427,"org.eclipse.ant.ui.views.AntView",1504414646943
activated,view,org.eclipse.ui.console,3.5.0.v20100526,"org.eclipse.ui.console.ConsoleView",1504414648306
started,bundle,org.eclipse.wst.xsl.debug.ui,1.0.100.v201004290328,"org.eclipse.wst.xsl.debug.ui",1504414667536
executed,command,org.eclipse.ui,3.6.1.M20100826-1330,"org.eclipse.ui.edit.copy",1504414712208
deactivated,workbench,org.eclipse.ui.workbench,3.6.1.M20100826-1330,"",1504414715438
executed,command,org.eclipse.ui,3.6.1.M20100826-1330,"org.eclipse.ui.edit.paste",1504414715810
activated,view,org.eclipse.search,3.6.0.v20100520-0800,"org.eclipse.search.ui.views.SearchView",1504414717854
activated,workbench,org.eclipse.ui.workbench,3.6.1.M20100826-1330,"",1504414717882
deactivated,workbench,org.eclipse.ui.workbench,3.6.1.M20100826-1330,"",1504414718182
error,log,,,"Problems encountered during text search.",1504414720921
activated,workbench,org.eclipse.ui.workbench,3.6.1.M20100826-1330,"",1504414722220
opened,editor,com.spket.xml,1.6.15,"com.spket.xml.editor.xmlEditor",1504414722659
activated,editor,com.spket.xml,1.6.15,"com.spket.xml.editor.xmlEditor",1504414722709
deactivated,workbench,org.eclipse.ui.workbench,3.6.1.M20100826-1330,"",1504414727464
activated,workbench,org.eclipse.ui.workbench,3.6.1.M20100826-1330,"",1504414727579
executed,command,org.eclipse.ui.workbench.texteditor,3.6.1.r361_v20100714-0800,"org.eclipse.ui.edit.text.delete.line",1504414739097
activated,view,org.eclipse.ui.ide,3.6.1.M20100825-0800,"org.eclipse.ui.views.ResourceNavigator",1504414740809
opened,editor,com.spket.xml,1.6.15,"com.spket.xml.editor.xmlEditor",1504414745386
activated,editor,com.spket.xml,1.6.15,"com.spket.xml.editor.xmlEditor",1504414745407
activated,view,org.eclipse.ui.ide,3.6.1.M20100825-0800,"org.eclipse.ui.views.ResourceNavigator",1504414748248
deactivated,workbench,org.eclipse.ui.workbench,3.6.1.M20100826-1330,"",1504414759654
